{"hits": {"hits": [{"_score": 1.0, "_type": "product", "_id": "190242630612", "_source": {"item_id": "641113611", "price_id": 8143570, "r": {"wayfair": {"title": "9' Icarus Cantilever Umbrella Fabric: Texsilk Olefin - Sunflower", "product_url": "http://www.shareasale.com/m-pr.cfm?merchantID=11035&userID=1272520&productID=641113611", "image_url": "http://img.wfrcdn.com/lf/49/hash/38417/27558341/1/1/1.jpg", "price2": 3699.99, "price1": 3880.0, "affiliate_url": "http://www.shareasale.com/m-pr.cfm?merchantID=11035&userID=1272520&productID=641113611"}}, "upc": 190242630612, "title": "9' Icarus Cantilever Umbrella Fabric: Texsilk Olefin - Sunflower"}, "_index": "product_index"}], "total": 1, "max_score": 1.0}, "_shards": {"successful": 5, "failed": 0, "total": 5}, "took": 2, "timed_out": false}